{
    "name": "Capture-the-Flag",
    "title": "Catpture the Flag - The DnD Module",
    "description": "This is the Capture the Flag Module to the Game from DnD-Deutsch",
    "author": "stillday",
    "authors": [
        {
          "name": "stillday",
          "email": "",
          "url": ""
        }
      ],
    "version": "0.0.1",
    "minimumCoreVersion": "0.7.9", 
    "compatibleCoreVersion": "0.9.245",
    "dependencies": [{
        "name": "dnd5e",
        "type": "system"
      }],
    "url": "https://github.com/stillday/Capture-the-Flag",
    "manifest": "https://github.com/stillday/Capture-the-Flag/releases/latest/download/module.json",
    "download": "https://github.com/stillday/Capture-the-Flag/releases/latest/download/module.zip",
    "manifestPlusVersion": "1.2.0",
    "packs": [
        {
            "name": "maps",
            "label": "Catpture the Flag Maps",
            "path": "/packs/maps.db",
            "entity": "Scene"
          },
          {
            "name": "actors",
            "label": "Catpture the Flag Monsters",
            "path": "/packs/monster.db",
            "entity": "Actor"
          },
          {
            "name": "journals",
            "label": "Catpture the Flag Journals",
            "path": "/packs/journals.db",
            "entity": "JournalEntry"
          },
          {
            "name": "items",
            "label": "Catpture the Flag Items",
            "path": "/packs/items.db",
            "entity": "Item"
          },
          {
            "name": "rolltables",
            "label": "Catpture the Flag Rolltables",
            "path": "/packs/rolltables.db",
            "entity": "RollTable"
          },
          {
            "name": "macros",
            "label": "Catpture the Flag Macros",
            "path": "/packs/macros.db",
            "entity": "Macro"
          },
          {
            "name": "playlists",
            "label": "Catpture the Flag Playlists",
            "path": "/packs/playlists.db",
            "entity": "Playlist"
          }
    ],
    "scripts": [
        "scripts/init.js"
    ]
}
